﻿<?xml version="1.0" encoding="utf-8"?>
<ExpressionSetInfo xmlns:xsd="http://www.w3.org/2001/XMLSchema" xmlns:xsi="http://www.w3.org/2001/XMLSchema-instance">
  <Id>b70ff2e5-fb52-44d4-b175-79924bd605f0</Id>
  <Name>QS_Construction</Name>
  <DisplayName>QS_Construction</DisplayName>
  <IntegrationName>SODS-MSSQL</IntegrationName>
  <ConnectionId>00000000-0000-0000-0000-000000000000</ConnectionId>
  <Description>Project Expressions</Description>
  <Nodes>
    <ItemNode xsi:type="ExpressionNode" Name="QS_Project_Revenue">
      <DisplayName>QS_Project_Revenue</DisplayName>
      <Nodes />
      <FilterGroups>
        <ExpressionInfoGroup Name="d_Account">
          <Filters>
            <Expression Name="AccountCategory" DimensionName="d_Account" Operator="In" Condition="'Equity Income from Unconsolidated Subsidiaries','Intercompany Sales','Other Revenues','Revenue - Other','Revenue - Services','Revenue - Subscriptions','Revenues','Sales and Marketing'" />
          </Filters>
        </ExpressionInfoGroup>
        <ExpressionInfoGroup Name="d_Category">
          <Filters>
            <Expression Name="Code" DimensionName="d_Category" Operator="In" Condition="'MAIN'" />
          </Filters>
        </ExpressionInfoGroup>
      </FilterGroups>
    </ItemNode>
    <ItemNode xsi:type="ExpressionNode" Name="QS_Project_Net_Profit">
      <DisplayName>QS_Project_Net_Profit</DisplayName>
      <Nodes />
      <FilterGroups>
        <ExpressionInfoGroup Name="d_Category">
          <Filters>
            <Expression Name="Code" DimensionName="d_Category" Operator="In" Condition="'MAIN'" />
          </Filters>
        </ExpressionInfoGroup>
        <ExpressionInfoGroup Name="d_Account">
          <Filters>
            <Expression Name="AccountCategory" DimensionName="d_Account" Operator="In" Condition="'Admin Expenses','Advertising and Promotion Expense','Bad Debt','Benefit Expense','Bonus Expense','Business Insurance','Commission Expense','Copying and Printing Expense','Cost of Goods Sold','Cost of Other Revenue','Cost of Sales','Cost of Sales Revenue','Cost of Services Revenue','Depreciation and Amortization','Dividend Income','Equity Income from Unconsolidated Subsidiaries','Finance Charges Expense','Gain/Loss on Sales of Fixed Assets','Insurance Expense','Intercompany Sales','Interest','Interest Expense','Interest Income','Manpower Cost','Minority Interest Expense','Office Supplies','Other Expenses','Other Income','Other Operating Expense','Other Revenues','Payroll Taxes','Postage and Delivery Expense','Professional Fees','Professional Services Expense','Rent and Utilities','Repairs and Maintenance Expense','Revenue - Other','Revenue - Services','Revenue - Subscriptions','Revenues','Salaries and Benefits','Salary and Wage Expense','Sales and Marketing','Software and Maintenance Expense','Telephone and Internet','Travel and Entertainment'" />
          </Filters>
        </ExpressionInfoGroup>
      </FilterGroups>
    </ItemNode>
    <ItemNode xsi:type="ExpressionNode" Name="QS_Project_Overhead_Costs">
      <DisplayName>QS_Project_Overhead_Costs</DisplayName>
      <Nodes />
      <FilterGroups>
        <ExpressionInfoGroup Name="d_Category">
          <Filters>
            <Expression Name="Code" DimensionName="d_Category" Operator="In" Condition="'MAIN'" />
          </Filters>
        </ExpressionInfoGroup>
        <ExpressionInfoGroup Name="d_Account">
          <Filters>
            <Expression Name="AccountCategory" DimensionName="d_Account" Operator="In" Condition="'Admin Expenses','Advertising and Promotion Expense','Bad Debt','Benefit Expense','Bonus Expense','Business Insurance','Commission Expense','Copying and Printing Expense','Cost of Goods Sold','Cost of Other Revenue','Cost of Sales','Cost of Sales Revenue','Cost of Services Revenue','Depreciation and Amortization','Dividend Income','Finance Charges Expense','Gain/Loss on Sales of Fixed Assets','Insurance Expense','Interest','Interest Expense','Interest Income','Manpower Cost','Minority Interest Expense','Office Supplies','Other Expenses','Other Income','Other Operating Expense','Payroll Taxes','Postage and Delivery Expense','Professional Fees','Professional Services Expense','Rent and Utilities','Repairs and Maintenance Expense','Salaries and Benefits','Salary and Wage Expense','Software and Maintenance Expense','Telephone and Internet','Travel and Entertainment'" />
          </Filters>
        </ExpressionInfoGroup>
      </FilterGroups>
    </ItemNode>
    <ItemNode xsi:type="ExpressionNode" Name="QS_Project_Cost_of_Sales">
      <DisplayName>QS_Project_Cost_of_Sales</DisplayName>
      <Nodes />
      <FilterGroups>
        <ExpressionInfoGroup Name="d_Category">
          <Filters>
            <Expression Name="Code" DimensionName="d_Category" Operator="In" Condition="'MAIN'" />
          </Filters>
        </ExpressionInfoGroup>
        <ExpressionInfoGroup Name="d_Account">
          <Filters>
            <Expression Name="AccountCategory" DimensionName="d_Account" Operator="In" Condition="'Cost of Goods Sold','Cost of Other Revenue','Cost of Sales','Cost of Sales Revenue','Cost of Services Revenue','Manpower Cost'" />
          </Filters>
        </ExpressionInfoGroup>
      </FilterGroups>
    </ItemNode>
    <ItemNode xsi:type="ExpressionNode" Name="QS_Project_Operating_Expenses">
      <DisplayName>QS_Project_Operating_Expenses</DisplayName>
      <Nodes />
      <FilterGroups>
        <ExpressionInfoGroup Name="d_Category">
          <Filters>
            <Expression Name="Code" DimensionName="d_Category" Operator="In" Condition="'MAIN'" />
          </Filters>
        </ExpressionInfoGroup>
        <ExpressionInfoGroup Name="d_Account">
          <Filters>
            <Expression Name="AccountCategory" DimensionName="d_Account" Operator="In" Condition="'Admin Expenses','Advertising and Promotion Expense','Bad Debt','Benefit Expense','Bonus Expense','Business Insurance','Commission Expense','Copying and Printing Expense','Finance Charges Expense','Insurance Expense','Office Supplies','Other Expenses','Other Operating Expense','Payroll Taxes','Postage and Delivery Expense','Professional Fees','Professional Services Expense','Rent and Utilities','Repairs and Maintenance Expense','Salaries and Benefits','Salary and Wage Expense','Sales and Marketing','Software and Maintenance Expense','Telephone and Internet','Travel and Entertainment'" />
          </Filters>
        </ExpressionInfoGroup>
      </FilterGroups>
    </ItemNode>
    <ItemNode xsi:type="ExpressionNode" Name="QS_Worked_Hours_Completed_Tasks">
      <DisplayName>QS_Worked_Hours_Completed_Tasks</DisplayName>
      <Nodes />
      <FilterGroups>
        <ExpressionInfoGroup Name="d_Task">
          <Filters>
            <Expression Name="UDF004" DimensionName="d_Task" Operator="In" Condition="'Completed'" />
          </Filters>
        </ExpressionInfoGroup>
      </FilterGroups>
    </ItemNode>
    <ItemNode xsi:type="ExpressionNode" Name="QS_Total_Costs">
      <DisplayName>QS_Total_Costs</DisplayName>
      <Nodes />
      <FilterGroups>
        <ExpressionInfoGroup Name="d_Category">
          <Filters>
            <Expression Name="Code" DimensionName="d_Category" Operator="In" Condition="'MAIN'" />
          </Filters>
        </ExpressionInfoGroup>
        <ExpressionInfoGroup Name="d_Account">
          <Filters>
            <Expression Name="AccountCategory" DimensionName="d_Account" Operator="In" Condition="'Admin Expenses':'Advertising and Promotion Expense','Benefit Expense':'Bonus Expense','Commission Expense','Copying and Printing Expense':'Cost of Services Revenue','Finance Charges Expense','Insurance Expense','Interest Expense','Minority Interest Expense','Other Expenses','Other Operating Expense','Salaries and Benefits':'Salary and Wage Expense'" />
          </Filters>
        </ExpressionInfoGroup>
      </FilterGroups>
    </ItemNode>
  </Nodes>
</ExpressionSetInfo>