﻿<?xml version="1.0" encoding="utf-8"?>
<ExpressionSetInfo xmlns:xsd="http://www.w3.org/2001/XMLSchema" xmlns:xsi="http://www.w3.org/2001/XMLSchema-instance">
  <Id>5cca09c9-3e16-4f4b-b3ff-0f13391ddaeb</Id>
  <Name>QS_Financial</Name>
  <DisplayName>QS_Financial</DisplayName>
  <IntegrationName>SODS-MSSQL</IntegrationName>
  <ConnectionId>00000000-0000-0000-0000-000000000000</ConnectionId>
  <Description>Financial (GL) expressions</Description>
  <Nodes>
    <ItemNode xsi:type="ExpressionNode" Name="QS_Replace_Me">
      <DisplayName>QS_Replace_Me</DisplayName>
      <Nodes />
      <FilterGroups />
    </ItemNode>
    <ItemNode xsi:type="ExpressionNode" Name="QS_PL_Revenues">
      <DisplayName>QS_PL_Revenues</DisplayName>
      <Nodes />
      <FilterGroups>
        <ExpressionInfoGroup Name="d_Category">
          <Filters>
            <Expression Name="Code" DimensionName="d_Category" Operator="In" Condition="'MAIN'" />
          </Filters>
        </ExpressionInfoGroup>
        <ExpressionInfoGroup Name="d_Stargate">
          <Filters>
            <Expression Name="DisplayOrder" DimensionName="d_Stargate" Operator="BeginsWith" Condition="'PL.11'" />
          </Filters>
        </ExpressionInfoGroup>
      </FilterGroups>
    </ItemNode>
    <ItemNode xsi:type="ExpressionNode" Name="QS_PL_Cost_of_Sales">
      <DisplayName>QS_PL_Cost_of_Sales</DisplayName>
      <Nodes />
      <FilterGroups>
        <ExpressionInfoGroup Name="d_Category">
          <Filters>
            <Expression Name="Code" DimensionName="d_Category" Operator="In" Condition="'MAIN'" />
          </Filters>
        </ExpressionInfoGroup>
        <ExpressionInfoGroup Name="d_Stargate">
          <Filters>
            <Expression Name="DisplayOrder" DimensionName="d_Stargate" Operator="BeginsWith" Condition="'PL.33'" />
          </Filters>
        </ExpressionInfoGroup>
      </FilterGroups>
    </ItemNode>
    <ItemNode xsi:type="ExpressionNode" Name="QS_PL_Operating_Expense">
      <DisplayName>QS_PL_Operating_Expense</DisplayName>
      <Nodes />
      <FilterGroups>
        <ExpressionInfoGroup Name="d_Category">
          <Filters>
            <Expression Name="Code" DimensionName="d_Category" Operator="In" Condition="'MAIN'" />
          </Filters>
        </ExpressionInfoGroup>
        <ExpressionInfoGroup Name="d_Stargate">
          <Filters>
            <Expression Name="DisplayOrder" DimensionName="d_Stargate" Operator="BeginsWith" Condition="'PL.44'" />
          </Filters>
        </ExpressionInfoGroup>
      </FilterGroups>
    </ItemNode>
    <ItemNode xsi:type="ExpressionNode" Name="QS_PL_Other_Inc_and_Expense">
      <DisplayName>QS_PL_Other_Inc_and_Expense</DisplayName>
      <Nodes />
      <FilterGroups>
        <ExpressionInfoGroup Name="d_Category">
          <Filters>
            <Expression Name="Code" DimensionName="d_Category" Operator="In" Condition="'MAIN'" />
          </Filters>
        </ExpressionInfoGroup>
        <ExpressionInfoGroup Name="d_Stargate">
          <Filters>
            <Expression Name="DisplayOrder" DimensionName="d_Stargate" Operator="BeginsWith" Condition="'PL.66'" />
          </Filters>
        </ExpressionInfoGroup>
      </FilterGroups>
    </ItemNode>
    <ItemNode xsi:type="ExpressionNode" Name="QS_PL_Depreciation_Expense">
      <DisplayName>QS_PL_Depreciation_Expense</DisplayName>
      <Nodes />
      <FilterGroups>
        <ExpressionInfoGroup Name="d_Category">
          <Filters>
            <Expression Name="Code" DimensionName="d_Category" Operator="In" Condition="'MAIN'" />
          </Filters>
        </ExpressionInfoGroup>
        <ExpressionInfoGroup Name="d_Stargate">
          <Filters>
            <Expression Name="DisplayOrder" DimensionName="d_Stargate" Operator="BeginsWith" Condition="'PL.66.BB'" />
          </Filters>
        </ExpressionInfoGroup>
      </FilterGroups>
    </ItemNode>
    <ItemNode xsi:type="ExpressionNode" Name="QS_PL_Net_Income_Loss">
      <DisplayName>QS_PL_Net_Income_(Loss)</DisplayName>
      <Nodes />
      <FilterGroups>
        <ExpressionInfoGroup Name="d_Category">
          <Filters>
            <Expression Name="Code" DimensionName="d_Category" Operator="In" Condition="'MAIN'" />
          </Filters>
        </ExpressionInfoGroup>
        <ExpressionInfoGroup Name="d_Stargate">
          <Filters>
            <Expression Name="DisplayOrder" DimensionName="d_Stargate" Operator="BeginsWith" Condition="'PL'" />
          </Filters>
        </ExpressionInfoGroup>
      </FilterGroups>
    </ItemNode>
    <ItemNode xsi:type="ExpressionNode" Name="QS_PL_Taxes">
      <DisplayName>QS_PL_Taxes</DisplayName>
      <Nodes />
      <FilterGroups>
        <ExpressionInfoGroup Name="d_Category">
          <Filters>
            <Expression Name="Code" DimensionName="d_Category" Operator="In" Condition="'MAIN'" />
          </Filters>
        </ExpressionInfoGroup>
        <ExpressionInfoGroup Name="d_Stargate">
          <Filters>
            <Expression Name="DisplayOrder" DimensionName="d_Stargate" Operator="BeginsWith" Condition="'PL.77'" />
          </Filters>
        </ExpressionInfoGroup>
      </FilterGroups>
    </ItemNode>
    <ItemNode xsi:type="ExpressionNode" Name="QS_BS_Current_Assets">
      <DisplayName>QS_BS_Current_Assets</DisplayName>
      <Nodes />
      <FilterGroups>
        <ExpressionInfoGroup Name="d_Category">
          <Filters>
            <Expression Name="Code" DimensionName="d_Category" Operator="In" Condition="'MAIN'" />
          </Filters>
        </ExpressionInfoGroup>
        <ExpressionInfoGroup Name="d_Scenario">
          <Filters>
            <Expression Name="Code" DimensionName="d_Scenario" Operator="In" Condition="'ACT','OBA'" />
          </Filters>
        </ExpressionInfoGroup>
        <ExpressionInfoGroup Name="d_Stargate">
          <Filters>
            <Expression Name="DisplayOrder" DimensionName="d_Stargate" Operator="BeginsWith" Condition="'BS.11.AA'" />
          </Filters>
        </ExpressionInfoGroup>
      </FilterGroups>
    </ItemNode>
    <ItemNode xsi:type="ExpressionNode" Name="QS_BS_Non_Current_Assets">
      <DisplayName>QS_BS_Non_Current_Assets</DisplayName>
      <Nodes />
      <FilterGroups>
        <ExpressionInfoGroup Name="d_Category">
          <Filters>
            <Expression Name="Code" DimensionName="d_Category" Operator="In" Condition="'MAIN'" />
          </Filters>
        </ExpressionInfoGroup>
        <ExpressionInfoGroup Name="d_Scenario">
          <Filters>
            <Expression Name="Code" DimensionName="d_Scenario" Operator="In" Condition="'ACT','OBA'" />
          </Filters>
        </ExpressionInfoGroup>
        <ExpressionInfoGroup Name="d_Stargate">
          <Filters>
            <Expression Name="DisplayOrder" DimensionName="d_Stargate" Operator="BeginsWith" Condition="'BS.11.BB'" />
          </Filters>
        </ExpressionInfoGroup>
      </FilterGroups>
    </ItemNode>
    <ItemNode xsi:type="ExpressionNode" Name="QS_BS_Current_Liabilities">
      <DisplayName>QS_BS_Current_Liabilities</DisplayName>
      <Nodes />
      <FilterGroups>
        <ExpressionInfoGroup Name="d_Category">
          <Filters>
            <Expression Name="Code" DimensionName="d_Category" Operator="In" Condition="'MAIN'" />
          </Filters>
        </ExpressionInfoGroup>
        <ExpressionInfoGroup Name="d_Scenario">
          <Filters>
            <Expression Name="Code" DimensionName="d_Scenario" Operator="In" Condition="'ACT','OBA'" />
          </Filters>
        </ExpressionInfoGroup>
        <ExpressionInfoGroup Name="d_Stargate">
          <Filters>
            <Expression Name="DisplayOrder" DimensionName="d_Stargate" Operator="BeginsWith" Condition="'BS.33.AA'" />
          </Filters>
        </ExpressionInfoGroup>
      </FilterGroups>
    </ItemNode>
    <ItemNode xsi:type="ExpressionNode" Name="QS_BS_Non_Current_Liabilities">
      <DisplayName>QS_BS_Non_Current_Liabilities</DisplayName>
      <Nodes />
      <FilterGroups>
        <ExpressionInfoGroup Name="d_Category">
          <Filters>
            <Expression Name="Code" DimensionName="d_Category" Operator="In" Condition="'MAIN'" />
          </Filters>
        </ExpressionInfoGroup>
        <ExpressionInfoGroup Name="d_Scenario">
          <Filters>
            <Expression Name="Code" DimensionName="d_Scenario" Operator="In" Condition="'ACT','OBA'" />
          </Filters>
        </ExpressionInfoGroup>
        <ExpressionInfoGroup Name="d_Stargate">
          <Filters>
            <Expression Name="DisplayOrder" DimensionName="d_Stargate" Operator="BeginsWith" Condition="'BS.33.BB'" />
          </Filters>
        </ExpressionInfoGroup>
      </FilterGroups>
    </ItemNode>
    <ItemNode xsi:type="ExpressionNode" Name="QS_BS_Owners_Equity">
      <DisplayName>QS_BS_Owners_Equity</DisplayName>
      <Nodes />
      <FilterGroups>
        <ExpressionInfoGroup Name="d_Category">
          <Filters>
            <Expression Name="Code" DimensionName="d_Category" Operator="In" Condition="'MAIN'" />
          </Filters>
        </ExpressionInfoGroup>
        <ExpressionInfoGroup Name="d_Scenario">
          <Filters>
            <Expression Name="Code" DimensionName="d_Scenario" Operator="In" Condition="'ACT','OBA'" />
          </Filters>
        </ExpressionInfoGroup>
        <ExpressionInfoGroup Name="d_Stargate">
          <Filters>
            <Expression Name="DisplayOrder" DimensionName="d_Stargate" Operator="BeginsWith" Condition="'BS.66'" />
          </Filters>
        </ExpressionInfoGroup>
      </FilterGroups>
    </ItemNode>
    <ItemNode xsi:type="ExpressionNode" Name="QS_Overhead_Costs">
      <DisplayName>QS_PL_Overhead_Costs</DisplayName>
      <Nodes />
      <FilterGroups>
        <ExpressionInfoGroup Name="d_Category">
          <Filters>
            <Expression Name="Code" DimensionName="d_Category" Operator="In" Condition="'MAIN'" />
          </Filters>
        </ExpressionInfoGroup>
        <ExpressionInfoGroup Name="d_Stargate">
          <Filters>
            <Expression Name="DisplayOrder" DimensionName="d_Stargate" Operator="BeginsWith" Condition="'PL.33'" />
            <Expression Name="DisplayOrder" DimensionName="d_Stargate" LogicalOperator="Or" Operator="BeginsWith" Condition="'PL.44'" />
            <Expression Name="DisplayOrder" DimensionName="d_Stargate" LogicalOperator="Or" Operator="BeginsWith" Condition="'PL.55'" />
            <Expression Name="DisplayOrder" DimensionName="d_Stargate" LogicalOperator="Or" Operator="BeginsWith" Condition="'PL.66'" />
          </Filters>
        </ExpressionInfoGroup>
      </FilterGroups>
    </ItemNode>
  </Nodes>
</ExpressionSetInfo>