﻿<?xml version="1.0" encoding="utf-8"?>
<KpiSetInfo xmlns:xsd="http://www.w3.org/2001/XMLSchema" xmlns:xsi="http://www.w3.org/2001/XMLSchema-instance">
  <Id>5951e0f3-5b37-4a82-b977-1b1008cdd20f</Id>
  <Name>QS_Construction</Name>
  <DisplayName>QS_Construction</DisplayName>
  <IntegrationName>SODS-MSSQL</IntegrationName>
  <Description>Constructions KPIS based on QuickStart</Description>
  <Kpis>
    <ItemNode xsi:type="KpiNode" Name="QS_Construction.QS_Overhead_Cost_as_Revenue_Prcentage">
      <Value xsi:type="ModuleInfo" Name="QS_Construction.QS_Overhead_Cost_as_Revenue_Prcentage" DimensionName="KPI">
        <DisplayName>QS_Overhead_Cost_as_Revenue_Prcentage</DisplayName>
        <AttributeType>Measure</AttributeType>
        <DataType>Number</DataType>
      </Value>
      <DisplayName>QS_Overhead_Cost_as_Revenue_Prcentage</DisplayName>
      <Nodes />
      <SequenceNumber>0</SequenceNumber>
      <Formula>[QS_Construction].[QS_Project_Overhead_Costs]/-[QS_Construction].[QS_Project_Revenue]</Formula>
      <DefaultExpressionSet>
        <Id>00000000-0000-0000-0000-000000000000</Id>
      </DefaultExpressionSet>
      <Measure>GL_F_Trans.Value1</Measure>
      <Description>Overhead Cost as Revenue Prcentage = Overhead Cost / Revenue</Description>
      <KpiFormulaMode>Expressions</KpiFormulaMode>
      <ContainsPeriodFunction>false</ContainsPeriodFunction>
    </ItemNode>
    <ItemNode xsi:type="KpiNode" Name="QS_Construction.QS_Project_Net_Profit">
      <Value xsi:type="ModuleInfo" Name="QS_Construction.QS_Project_Net_Profit" DimensionName="KPI">
        <DisplayName>QS_Project_Net_Profit</DisplayName>
        <AttributeType>Measure</AttributeType>
        <DataType>Number</DataType>
      </Value>
      <DisplayName>QS_Project_Net_Profit</DisplayName>
      <Nodes />
      <SequenceNumber>0</SequenceNumber>
      <Formula>-[QS_Construction].[QS_Project_Net_Profit]</Formula>
      <DefaultExpressionSet>
        <Id>00000000-0000-0000-0000-000000000000</Id>
      </DefaultExpressionSet>
      <Measure>OT_F_Trans.UDF001</Measure>
      <Description />
      <KpiFormulaMode>Expressions</KpiFormulaMode>
      <ContainsPeriodFunction>false</ContainsPeriodFunction>
    </ItemNode>
    <ItemNode xsi:type="KpiNode" Name="QS_Construction.QS_Project_Overhead_Cost">
      <Value xsi:type="ModuleInfo" Name="QS_Construction.QS_Project_Overhead_Cost" DimensionName="KPI">
        <DisplayName>QS_Project_Overhead_Cost</DisplayName>
        <AttributeType>Measure</AttributeType>
        <DataType>Number</DataType>
      </Value>
      <DisplayName>QS_Project_Overhead_Cost</DisplayName>
      <Nodes />
      <SequenceNumber>0</SequenceNumber>
      <Formula>[QS_Construction].[QS_Project_Overhead_Costs]</Formula>
      <DefaultExpressionSet>
        <Id>00000000-0000-0000-0000-000000000000</Id>
      </DefaultExpressionSet>
      <Measure>OT_F_Trans.UDF001</Measure>
      <Description />
      <KpiFormulaMode>Expressions</KpiFormulaMode>
      <ContainsPeriodFunction>false</ContainsPeriodFunction>
    </ItemNode>
    <ItemNode xsi:type="KpiNode" Name="QS_Construction.QS_Project_Revenues">
      <Value xsi:type="ModuleInfo" Name="QS_Construction.QS_Project_Revenues" DimensionName="KPI">
        <DisplayName>QS_Project_Total_Revenue</DisplayName>
        <AttributeType>Measure</AttributeType>
        <DataType>Number</DataType>
      </Value>
      <DisplayName>QS_Project_Total_Revenue</DisplayName>
      <Nodes />
      <SequenceNumber>0</SequenceNumber>
      <Formula>[QS_Construction].[QS_Project_Revenue]*-1</Formula>
      <DefaultExpressionSet>
        <Id>00000000-0000-0000-0000-000000000000</Id>
      </DefaultExpressionSet>
      <Measure>OT_F_Trans.UDF001</Measure>
      <Description />
      <KpiFormulaMode>Expressions</KpiFormulaMode>
      <ContainsPeriodFunction>false</ContainsPeriodFunction>
    </ItemNode>
  </Kpis>
</KpiSetInfo>