﻿<?xml version="1.0" encoding="utf-8"?>
<KpiSetInfo xmlns:xsd="http://www.w3.org/2001/XMLSchema" xmlns:xsi="http://www.w3.org/2001/XMLSchema-instance">
  <Id>aef28455-d3c6-499a-9678-d88a9aa4e0ef</Id>
  <Name>QS_Financial</Name>
  <DisplayName>QS_Financial</DisplayName>
  <IntegrationName>SODS-MSSQL</IntegrationName>
  <Description>Financial KPIs based on QuickStart</Description>
  <Kpis>
    <ItemNode xsi:type="KpiNode" Name="QS_Financial.COGS">
      <Value xsi:type="ModuleInfo" Name="QS_Financial.COGS" DimensionName="KPI">
        <DisplayName>QS_COGS</DisplayName>
        <AttributeType>Measure</AttributeType>
        <DataType>Number</DataType>
      </Value>
      <DisplayName>QS_COGS</DisplayName>
      <Nodes />
      <SequenceNumber>0</SequenceNumber>
      <Formula>[QS_Financial].[QS_PL_Cost_of_Sales]</Formula>
      <DefaultExpressionSet>
        <Id>00000000-0000-0000-0000-000000000000</Id>
      </DefaultExpressionSet>
      <Measure>GL_F_Trans.Value1</Measure>
      <Description>Cost of Sales = Total for all COGS Accounts</Description>
      <KpiFormulaMode>Expressions</KpiFormulaMode>
      <ContainsPeriodFunction>false</ContainsPeriodFunction>
    </ItemNode>
    <ItemNode xsi:type="KpiNode" Name="QS_Financial.OperatingExpense">
      <Value xsi:type="ModuleInfo" Name="QS_Financial.OperatingExpense" DimensionName="KPI">
        <DisplayName>QS_Operating_Expense</DisplayName>
        <AttributeType>Measure</AttributeType>
        <DataType>Number</DataType>
      </Value>
      <DisplayName>QS_Operating_Expense</DisplayName>
      <Nodes />
      <SequenceNumber>0</SequenceNumber>
      <Formula>[QS_Financial].[QS_PL_Operating_Expense]</Formula>
      <DefaultExpressionSet>
        <Id>00000000-0000-0000-0000-000000000000</Id>
      </DefaultExpressionSet>
      <Measure>GL_F_Trans.Value1</Measure>
      <Description>Operating Expense = Total for all OPEX Accounts</Description>
      <KpiFormulaMode>Expressions</KpiFormulaMode>
      <ContainsPeriodFunction>false</ContainsPeriodFunction>
    </ItemNode>
    <ItemNode xsi:type="KpiNode" Name="QS_Financial.QS_Current_Ratio">
      <Value xsi:type="ModuleInfo" Name="QS_Financial.QS_Current_Ratio" DimensionName="KPI">
        <DisplayName>QS_Current_Ratio</DisplayName>
        <AttributeType>Measure</AttributeType>
        <DataType>Number</DataType>
      </Value>
      <DisplayName>QS_Current_Ratio</DisplayName>
      <Nodes />
      <SequenceNumber>0</SequenceNumber>
      <Formula>[QS_Financial].[QS_BS_Current_Assets]/(-[QS_Financial].[QS_BS_Current_Liabilities])</Formula>
      <DefaultExpressionSet>
        <Id>00000000-0000-0000-0000-000000000000</Id>
      </DefaultExpressionSet>
      <Measure>GL_F_Trans.Value1</Measure>
      <Description>Current Ratio = Current Assets/Current Liabilities</Description>
      <KpiFormulaMode>Expressions</KpiFormulaMode>
      <ContainsPeriodFunction>false</ContainsPeriodFunction>
    </ItemNode>
    <ItemNode xsi:type="KpiNode" Name="QS_Financial.QS_Debt_to_Asset_Ratio">
      <Value xsi:type="ModuleInfo" Name="QS_Financial.QS_Debt_to_Asset_Ratio" DimensionName="KPI">
        <DisplayName>QS_Debt_to_Asset_Ratio</DisplayName>
        <AttributeType>Measure</AttributeType>
        <DataType>Number</DataType>
      </Value>
      <DisplayName>QS_Debt_to_Asset_Ratio</DisplayName>
      <Nodes />
      <SequenceNumber>0</SequenceNumber>
      <Formula>-([QS_Financial].[QS_BS_Current_Liabilities]+[QS_Financial].[QS_BS_Non_Current_Liabilities])/([QS_Financial].[QS_BS_Current_Assets]+[QS_Financial].[QS_BS_Non_Current_Assets])</Formula>
      <DefaultExpressionSet>
        <Id>00000000-0000-0000-0000-000000000000</Id>
      </DefaultExpressionSet>
      <Measure>GL_F_Trans.Value1</Measure>
      <Description>Debt to Asset Ratio = Total Liabilities / Total Assets</Description>
      <KpiFormulaMode>Expressions</KpiFormulaMode>
      <ContainsPeriodFunction>false</ContainsPeriodFunction>
    </ItemNode>
    <ItemNode xsi:type="KpiNode" Name="QS_Financial.QS_Debt_to_Equity_Ratio">
      <Value xsi:type="ModuleInfo" Name="QS_Financial.QS_Debt_to_Equity_Ratio" DimensionName="KPI">
        <DisplayName>QS_Debt_to_Equity_Ratio</DisplayName>
        <AttributeType>Measure</AttributeType>
        <DataType>Number</DataType>
      </Value>
      <DisplayName>QS_Debt_to_Equity_Ratio</DisplayName>
      <Nodes />
      <SequenceNumber>0</SequenceNumber>
      <Formula>-([QS_Financial].[QS_BS_Current_Liabilities]+[QS_Financial].[QS_BS_Non_Current_Liabilities])/-([QS_Financial].[QS_BS_Owners_Equity]+[QS_Financial].[QS_PL_Net_Income_Loss])</Formula>
      <DefaultExpressionSet>
        <Id>00000000-0000-0000-0000-000000000000</Id>
      </DefaultExpressionSet>
      <Measure>GL_F_Trans.Value1</Measure>
      <Description>Debt to Equity Ratio = Total Liabilities / Owners Equity</Description>
      <KpiFormulaMode>Expressions</KpiFormulaMode>
      <ContainsPeriodFunction>false</ContainsPeriodFunction>
    </ItemNode>
    <ItemNode xsi:type="KpiNode" Name="QS_Financial.QS_EBITDA">
      <Value xsi:type="ModuleInfo" Name="QS_Financial.QS_EBITDA" DimensionName="KPI">
        <DisplayName>QS_EBITDA</DisplayName>
        <AttributeType>Measure</AttributeType>
        <DataType>Number</DataType>
      </Value>
      <DisplayName>QS_EBITDA</DisplayName>
      <Nodes />
      <SequenceNumber>0</SequenceNumber>
      <Formula>-[QS_Financial].[QS_PL_Revenues]-[QS_Financial].[QS_PL_Cost_of_Sales]-[QS_Financial].[QS_PL_Operating_Expense]+[QS_Financial].[QS_PL_Depreciation_Expense]</Formula>
      <DefaultExpressionSet>
        <Id>00000000-0000-0000-0000-000000000000</Id>
      </DefaultExpressionSet>
      <Measure>GL_F_Trans.Value1</Measure>
      <Description>EBITDA = Revenue - Cost of Sales - Opex +Depreciation + Amortization</Description>
      <KpiFormulaMode>Expressions</KpiFormulaMode>
      <ContainsPeriodFunction>false</ContainsPeriodFunction>
    </ItemNode>
    <ItemNode xsi:type="KpiNode" Name="QS_Financial.QS_EBITDA_Margin">
      <Value xsi:type="ModuleInfo" Name="QS_Financial.QS_EBITDA_Margin" DimensionName="KPI">
        <DisplayName>QS_EBITDA_Margin</DisplayName>
        <AttributeType>Measure</AttributeType>
        <DataType>Number</DataType>
      </Value>
      <DisplayName>QS_EBITDA_Margin</DisplayName>
      <Nodes />
      <SequenceNumber>0</SequenceNumber>
      <Formula>(-[QS_Financial].[QS_PL_Revenues]-[QS_Financial].[QS_PL_Cost_of_Sales]-[QS_Financial].[QS_PL_Operating_Expense]+[QS_Financial].[QS_PL_Depreciation_Expense])/-[QS_Financial].[QS_PL_Revenues]</Formula>
      <DefaultExpressionSet>
        <Id>00000000-0000-0000-0000-000000000000</Id>
      </DefaultExpressionSet>
      <Measure>GL_F_Trans.Value1</Measure>
      <Description>EBITDA Margin = (Revenue - Cost of Sales - OPEX + Depreciation + Amortization)/ Revenue</Description>
      <KpiFormulaMode>Expressions</KpiFormulaMode>
      <ContainsPeriodFunction>false</ContainsPeriodFunction>
    </ItemNode>
    <ItemNode xsi:type="KpiNode" Name="QS_Financial.QS_Gross_Margin">
      <Value xsi:type="ModuleInfo" Name="QS_Financial.QS_Gross_Margin" DimensionName="KPI">
        <DisplayName>QS_Gross_Margin</DisplayName>
        <AttributeType>Measure</AttributeType>
        <DataType>Number</DataType>
      </Value>
      <DisplayName>QS_Gross_Margin</DisplayName>
      <Nodes />
      <SequenceNumber>0</SequenceNumber>
      <Formula>(-[QS_Financial].[QS_PL_Revenues]-[QS_Financial].[QS_PL_Cost_of_Sales])/-[QS_Financial].[QS_PL_Revenues]</Formula>
      <DefaultExpressionSet>
        <Id>00000000-0000-0000-0000-000000000000</Id>
      </DefaultExpressionSet>
      <Measure>GL_F_Trans.Value1</Measure>
      <Description>Gross Margin = Gross Profit / Revenue</Description>
      <KpiFormulaMode>Expressions</KpiFormulaMode>
      <ContainsPeriodFunction>false</ContainsPeriodFunction>
    </ItemNode>
    <ItemNode xsi:type="KpiNode" Name="QS_Financial.QS_Gross_Profit">
      <Value xsi:type="ModuleInfo" Name="QS_Financial.QS_Gross_Profit" DimensionName="KPI">
        <DisplayName>QS_Gross_Profit</DisplayName>
        <AttributeType>Measure</AttributeType>
        <DataType>Number</DataType>
      </Value>
      <DisplayName>QS_Gross_Profit</DisplayName>
      <Nodes />
      <SequenceNumber>0</SequenceNumber>
      <Formula>-[QS_Financial].[QS_PL_Revenues]-[QS_Financial].[QS_PL_Cost_of_Sales]</Formula>
      <DefaultExpressionSet>
        <Id>00000000-0000-0000-0000-000000000000</Id>
      </DefaultExpressionSet>
      <Measure>GL_F_Trans.Value1</Measure>
      <Description>Gross Profit = Revenue - Cost of Sales</Description>
      <KpiFormulaMode>Expressions</KpiFormulaMode>
      <ContainsPeriodFunction>false</ContainsPeriodFunction>
    </ItemNode>
    <ItemNode xsi:type="KpiNode" Name="QS_Financial.QS_Net_Income_Loss">
      <Value xsi:type="ModuleInfo" Name="QS_Financial.QS_Net_Income_Loss" DimensionName="KPI">
        <DisplayName>QS_Net_Income_(Loss)</DisplayName>
        <AttributeType>Measure</AttributeType>
        <DataType>Number</DataType>
      </Value>
      <DisplayName>QS_Net_Income_(Loss)</DisplayName>
      <Nodes />
      <SequenceNumber>0</SequenceNumber>
      <Formula>-[QS_Financial].[QS_PL_Net_Income_Loss]</Formula>
      <DefaultExpressionSet>
        <Id>00000000-0000-0000-0000-000000000000</Id>
      </DefaultExpressionSet>
      <Measure>GL_F_Trans.Value1</Measure>
      <Description>Net Income (Loss) = Revenues - Expenses</Description>
      <KpiFormulaMode>Expressions</KpiFormulaMode>
      <ContainsPeriodFunction>false</ContainsPeriodFunction>
    </ItemNode>
    <ItemNode xsi:type="KpiNode" Name="QS_Financial.QS_Operating_Profit">
      <Value xsi:type="ModuleInfo" Name="QS_Financial.QS_Operating_Profit" DimensionName="KPI">
        <DisplayName>QS_Operating_Profit</DisplayName>
        <AttributeType>Measure</AttributeType>
        <DataType>Number</DataType>
      </Value>
      <DisplayName>QS_Operating_Profit</DisplayName>
      <Nodes />
      <SequenceNumber>0</SequenceNumber>
      <Formula>-[QS_Financial].[QS_PL_Revenues]-[QS_Financial].[QS_PL_Cost_of_Sales]-[QS_Financial].[QS_PL_Operating_Expense]</Formula>
      <DefaultExpressionSet>
        <Id>00000000-0000-0000-0000-000000000000</Id>
      </DefaultExpressionSet>
      <Measure>GL_Detail_F_Trans.Value1</Measure>
      <Description>Operating Profit = Revenue - COGS - OPEX</Description>
      <KpiFormulaMode>Expressions</KpiFormulaMode>
      <ContainsPeriodFunction>false</ContainsPeriodFunction>
    </ItemNode>
    <ItemNode xsi:type="KpiNode" Name="QS_Financial.QS_Operating_Profit_Margin">
      <Value xsi:type="ModuleInfo" Name="QS_Financial.QS_Operating_Profit_Margin" DimensionName="KPI">
        <DisplayName>QS_Operating_Profit_Margin</DisplayName>
        <AttributeType>Measure</AttributeType>
        <DataType>Number</DataType>
      </Value>
      <DisplayName>QS_Operating_Profit_Margin</DisplayName>
      <Nodes />
      <SequenceNumber>0</SequenceNumber>
      <Formula>(-[QS_Financial].[QS_PL_Revenues]-[QS_Financial].[QS_PL_Cost_of_Sales]-[QS_Financial].[QS_PL_Operating_Expense])/[QS_Financial].[QS_PL_Revenues]</Formula>
      <DefaultExpressionSet>
        <Id>00000000-0000-0000-0000-000000000000</Id>
      </DefaultExpressionSet>
      <Measure>GL_F_Trans.Value1</Measure>
      <Description>Operating Profit Margin = Operating Profit/Revenue</Description>
      <KpiFormulaMode>Expressions</KpiFormulaMode>
      <ContainsPeriodFunction>false</ContainsPeriodFunction>
    </ItemNode>
    <ItemNode xsi:type="KpiNode" Name="QS_Financial.QS_Overhead_Cost">
      <Value xsi:type="ModuleInfo" Name="QS_Financial.QS_Overhead_Cost" DimensionName="KPI">
        <DisplayName>QS_Overhead_Cost</DisplayName>
        <AttributeType>Measure</AttributeType>
        <DataType>Number</DataType>
      </Value>
      <DisplayName>QS_Overhead_Cost</DisplayName>
      <Nodes />
      <SequenceNumber>0</SequenceNumber>
      <Formula>[QS_Financial].[QS_Overhead_Costs]</Formula>
      <DefaultExpressionSet>
        <Id>00000000-0000-0000-0000-000000000000</Id>
      </DefaultExpressionSet>
      <Measure>GL_F_Trans.Value1</Measure>
      <Description>Total Overhead Cost</Description>
      <KpiFormulaMode>Expressions</KpiFormulaMode>
      <ContainsPeriodFunction>false</ContainsPeriodFunction>
    </ItemNode>
    <ItemNode xsi:type="KpiNode" Name="QS_Financial.QS_Total_Revenue">
      <Value xsi:type="ModuleInfo" Name="QS_Financial.QS_Total_Revenue" DimensionName="KPI">
        <DisplayName>QS_Total_Revenue</DisplayName>
        <AttributeType>Measure</AttributeType>
        <DataType>Number</DataType>
      </Value>
      <DisplayName>QS_Total_Revenue</DisplayName>
      <Nodes />
      <SequenceNumber>0</SequenceNumber>
      <Formula>-1*[QS_Financial].[QS_PL_Revenues]</Formula>
      <DefaultExpressionSet>
        <Id>00000000-0000-0000-0000-000000000000</Id>
      </DefaultExpressionSet>
      <Measure>GL_F_Trans.Value1</Measure>
      <Description>Revenue = Total for all Revenue Accounts</Description>
      <KpiFormulaMode>Expressions</KpiFormulaMode>
      <ContainsPeriodFunction>false</ContainsPeriodFunction>
    </ItemNode>
  </Kpis>
</KpiSetInfo>